patient_id,ward,bed_id,admission_time,discharge_time,status,planned_discharge_date
P001,ICU-A,A01,2026-09-22 08:30:00,,Occupied,2026-09-27
P002,ICU-A,A02,2026-09-24 14:00:00,,Occupied,2026-09-28
P003,ICU-A,A03,2026-09-20 11:15:00,,Occupied,
P004,ICU-A,A04,2026-09-17 07:00:00,2026-09-23 10:15:00,Discharged,2026-09-23
P006,ICU-A,A06,2026-09-20 09:00:00,2026-09-25 00:15:00,Discharged,2026-09-25
P005,ICU-A,A04,2026-09-24 09:00:00,,Occupied,
P005,ICU-B,B05,2026-09-25 14:00:00,,Occupied,2026-09-30
P007,ICU-B,B01,2026-09-25 09:45:00,,Occupied,2026-09-27
P008,ICU-B,B02,2026-09-23 16:30:00,,Occupied,2026-09-29
P009,ICU-C,C05,2026-09-18 08:00:00,2026-09-24 11:00:00,Discharged,2026-09-24
P009,ICU-B,B04,2026-09-24 11:30:00,,Occupied,2026-09-27
P010,ICU-B,B06,2026-09-19 13:00:00,,Occupied,
P011,ICU-C,C01,2026-09-24 10:00:00,,Occupied,2026-09-26
P012,ICU-C,C02,2026-09-25 08:00:00,,Occupied,2026-09-27
P013,ICU-C,C02,2026-09-25 08:05:00,,Occupied,
